,,1998,1999,2000,2001,2002,2003,2004,2005,2006,2007,2008,2009,2010,2011,2012,2013,2014,2015,2016,2017
GEOUNIT_CD,GEOUNIT_NM,Data1Yr1,Data1Yr2,Data1Yr3,Data1Yr4,Data1Yr5,Data1Yr6,Data1Yr7,Data1Yr8,Data1Yr9,Data1Yr10,Data1Yr11,Data1Yr12,Data1Yr13,Data1Yr14,Data1Yr15,Data1Yr16,Data1Yr17,Data1Yr18,Data1Yr19,Data1Yr20
UKC11,Hartlepool and Stockton-on-Tees,11985,12716,12762,12938,13580,14567,15477,16479,16967,17408,17502,18122,17404,17617,17935,18182,19316,19472,19469,20020
UKC12,South Teesside,10194,10819,10990,10902,11690,12304,13715,14208,14600,15265,15545,15628,16162,16056,15861,16393,16225,16504,16592,16857
UKC13,Darlington,14213,14930,15487,17007,18634,20210,20750,20482,21569,22313,22525,21722,22400,22869,23244,22741,24736,26164,24954,25041
UKC14,Durham CC,9390,9490,9990,10269,10874,11475,11969,12512,13337,13807,14261,14385,14487,14270,14828,15352,15335,16135,16141,16617
UKC21,Northumberland,10552,10137,10645,10800,11867,12419,12876,13384,14064,14254,14556,14099,14136,14412,14696,14890,15898,15893,15994,16408
UKC22,Tyneside,12288,12593,12996,13814,14918,15652,17140,18062,19055,19215,19709,19138,19435,20369,20718,20719,21218,21900,22496,23109
UKC23,Sunderland,11513,11260,11834,12767,13732,14460,15719,17069,17447,17920,17933,17790,17344,17475,18283,19139,20502,21199,22256,23373
UKD11,West Cumbria,12704,12757,12179,12029,12856,13645,13902,14257,15890,16139,17223,17746,17830,18376,18891,19876,20647,21939,21602,21919
UKD12,East Cumbria,13780,14021,14509,14736,15780,17515,17898,18285,19598,20223,21213,20110,20706,20310,21358,22203,23211,24574,24459,24347
UKD33,Manchester,18291,19323,19611,21521,22879,23562,25127,26258,27790,29018,28854,29310,29331,28717,29712,31398,32608,33148,34903,36136
UKD34,Greater Manchester South West,15632,16461,17172,18523,19617,20331,21594,22663,23830,24756,24944,25004,25124,25036,25701,27059,27506,28324,29037,29858
UKD35,Greater Manchester South East,12940,13629,14372,15074,15946,16416,17236,18068,18707,19590,19935,19836,19853,19743,20364,20146,19794,19978,20103,20537
UKD36,Greater Manchester North West,10251,10597,10718,11077,11582,12229,12430,13447,14020,14573,14739,14237,14422,14280,14909,15283,15581,16206,16733,17209
UKD37,Greater Manchester North East,10389,10716,10809,11169,11715,12447,12594,13601,14217,14720,14653,14338,14472,14564,15231,15587,15846,16735,16963,17292
UKD41,Blackburn with Darwen,11553,12034,12208,12141,12647,13478,14513,14699,14933,15943,16485,15362,15125,16098,16733,17396,18379,18769,19793,20525
UKD42,Blackpool,10575,11416,11423,11559,12769,12726,13213,13706,14357,14175,13688,13932,14622,14910,14998,15109,15350,16119,16621,17309
UKD44,Lancaster and Wyre,11120,11479,11513,11952,12581,13921,14943,15274,15923,16626,16851,15746,15846,15840,16172,16491,17255,18009,18118,18482
UKD45,Mid Lancashire,15882,16512,16819,17409,18152,19575,20649,21105,21668,22820,22980,22589,23024,23102,23628,24527,24725,28408,30479,31053
UKD46,East Lancashire,11417,11814,12065,12394,12979,14030,14937,15280,15629,16230,15779,14697,15301,15735,16453,16900,17394,17258,18094,18564
UKD47,Chorley and West Lancashire,11565,11906,12154,12627,13411,14551,15408,15654,16030,16626,16598,16000,16411,16631,16950,16932,17633,17845,18589,18701
UKD61,Warrington,17654,18425,19340,21326,22458,23524,23834,25671,27477,28105,27033,26701,27865,27280,29646,29539,31042,30085,31223,32654
UKD62,Cheshire East,16652,17329,17399,20576,21172,21406,22286,22754,24602,25787,25821,25695,26038,26981,29021,30984,32114,32505,34050,36201
UKD63,Cheshire West and Chester,15698,16913,16673,18004,19002,19569,20428,21288,22703,24188,24138,25204,25275,24810,25198,25412,26761,27653,29251,30677
UKD71,East Merseyside,10852,11413,11866,12953,13627,14774,15287,16075,17117,17582,18418,18154,19209,19595,19377,19866,21247,22125,21864,23177
UKD72,Liverpool,12494,13463,13979,14645,15618,17382,17804,18701,20636,20898,21846,23888,23225,22481,22439,22349,23360,23818,23547,24397
UKD73,Sefton,9901,10603,10804,11368,12559,12805,13875,13870,14666,14737,15046,14998,15084,14934,14620,14676,14829,15399,15726,16207
UKD74,Wirral,9463,9742,9970,10368,11081,12166,12187,12623,13215,13362,13709,13335,13204,13714,13487,13853,14307,14930,14821,15590
UKE11,"Kingston upon Hull, City of",11250,11629,12941,13411,14211,15453,15881,16418,17753,18659,19047,19443,18715,18853,18903,18908,19071,20020,20308,20258
UKE12,East Riding of Yorkshire,11636,11531,11945,12754,13609,14178,15450,15581,16147,16492,16761,17050,16508,15845,16449,16693,17047,18015,18500,18363
UKE13,North and North East Lincolnshire,14144,13832,13869,14586,15647,16377,16819,17996,18901,20586,20146,21716,20698,20589,19881,19442,20384,22252,21882,21512
UKE21,York,16479,16552,17325,18385,20116,21414,22503,22414,22756,24053,23709,22988,22444,22812,23328,23719,24061,23649,24240,25270
UKE22,North Yorkshire CC,13309,13459,14117,14777,16125,17128,17479,18053,18681,19484,19688,18956,19000,19551,19900,20825,21237,21351,21905,22694
UKE31,"Barnsley, Doncaster and Rotherham",9548,9463,9966,10391,11100,11865,12667,13024,13815,14727,14204,13589,14058,14212,14504,15048,15637,16378,16778,17092
UKE32,Sheffield,12575,12417,12909,14056,15020,15601,16302,16882,17723,18934,18633,18516,18513,18676,19228,19470,19614,20096,20454,20854
UKE41,Bradford,11983,12714,12929,12944,13561,13952,14302,14725,15680,16680,16326,16330,15684,15985,16416,16912,17385,18219,18598,18756
UKE42,Leeds,16126,16881,17570,18502,19563,20866,22169,23620,24715,25935,25717,25215,24946,25704,25453,26204,26938,28166,28874,29626
UKE44,Calderdale and Kirklees,11906,12254,12413,12539,12781,13818,14697,15474,15841,16521,16193,15744,16080,16424,16950,16942,17490,18241,18574,19213
UKE45,Wakefield,12158,12780,13140,13276,13755,14831,15598,16274,16815,17405,17435,17117,17689,17753,18656,19281,19393,20399,20869,21497
UKF11,Derby,15472,16929,17304,17904,18742,19037,20476,21625,22137,22831,22730,22614,23133,24205,24154,25236,25421,26168,26435,26816
UKF12,East Derbyshire,9856,10064,10203,10556,11241,11934,12150,12832,13662,14323,14269,13850,14458,15716,16117,16982,17635,18038,18308,18527
UKF13,South and West Derbyshire,12508,12708,12247,12650,13121,13768,14555,15248,15946,16227,16324,15116,16084,16915,17378,18184,18396,18375,19131,19566
UKF14,Nottingham,18297,17863,18476,19726,20186,20452,22222,22902,22924,23596,24484,24871,24968,25066,25155,25200,26386,27447,28273,29362
UKF15,North Nottinghamshire,11487,11701,12051,12133,12572,13157,13658,14584,15249,16062,16331,15514,15938,16838,17093,17065,17857,17859,18390,18654
UKF16,South Nottinghamshire,10380,11023,11681,11869,12449,12694,12663,13996,14599,14774,14718,14458,14291,14306,15113,15953,16568,16715,16907,17336
UKF21,Leicester,14134,14627,15212,15687,16505,17240,17789,18096,18942,18620,18950,18630,18603,19049,19884,20091,21294,22376,22709,22546
UKF22,Leicestershire CC and Rutland,14061,13359,14142,14559,15012,16049,16758,17719,18900,19740,19947,19317,19833,19799,20442,21215,22333,22821,23547,24184
UKF24,West Northamptonshire,15183,15985,17092,17276,17475,18396,19072,19742,21054,22280,22564,21860,22865,22602,23406,24505,25334,25419,26945,28035
UKF25,North Northamptonshire,13112,13750,14391,14414,14645,15286,15678,16227,17236,17928,18621,17641,18370,18311,17808,19098,18977,19508,20648,21451
UKF30,Lincolnshire,11836,11862,12273,13021,13543,14385,14039,14330,15103,15522,16136,15353,15824,16111,16563,17346,17837,17843,17643,18016
UKG11,"Herefordshire, County of",12619,13153,13888,14019,14301,15416,15538,16305,17040,17469,18001,16847,17127,18173,18921,19065,19885,19631,19201,19833
UKG12,Worcestershire,12534,13512,14614,14521,14356,15562,16838,16818,17620,17284,17622,16961,17405,18322,19151,19780,20869,21393,21812,22629
UKG13,Warwickshire,16132,16637,16660,16936,17906,18453,18596,19786,20993,21183,21978,21009,21902,23006,24352,26261,27874,29113,29497,30245
UKG21,Telford and Wrekin,15918,15632,15167,15509,16410,16629,17659,18195,18777,19232,19400,18282,18569,19688,21140,21358,21243,21724,22050,23306
UKG22,Shropshire CC,12169,12512,12669,13062,13886,15194,15804,16101,16127,16347,17368,16993,17133,17577,17902,18551,19039,19099,19305,19737
UKG23,Stoke-on-Trent,12288,12331,12574,12594,12761,13618,14347,14683,15538,15350,16107,15653,16607,17436,18376,19256,19650,19892,20513,20908
UKG24,Staffordshire CC,11982,11977,12370,12898,13668,14019,14902,15577,16203,16572,17110,15914,16268,16624,16501,16834,17564,18434,18718,19039
UKG31,Birmingham,14161,14555,14983,15825,16081,17136,17599,18167,18531,19588,19692,19298,19586,19959,19910,20948,21683,22366,24041,24717
UKG32,Solihull,18718,18960,19338,20302,21675,23265,23528,24824,25676,26711,25613,24293,24913,25420,27078,27573,29488,32349,35597,36873
UKG33,Coventry,15113,15588,16211,16636,17435,18090,18932,20108,19853,19738,19426,18858,19476,19632,20412,22010,23237,24016,24622,24890
UKG36,Dudley,11556,11628,12013,12240,13200,13075,13568,14224,14820,15352,15216,14214,14195,14248,14536,14453,15129,15479,16027,16793
UKG37,Sandwell,13074,12686,13156,13355,14133,14093,14573,15098,15921,16631,16312,15627,16111,15903,16427,16991,18119,17945,19175,19365
UKG38,Walsall,11003,11212,11558,11658,11894,11889,12793,13360,13765,13891,13808,13440,14181,14651,14786,15585,16583,16895,17533,18254
UKG39,Wolverhampton,12825,13263,13720,14014,14464,14534,15653,16502,17009,17272,17031,16755,17647,17786,18117,18526,18490,17749,18012,18837
UKH11,Peterborough,17509,18164,18076,18502,19542,20552,21837,22951,24583,26033,24915,23976,23901,23819,24735,25209,26279,26564,27548,28315
UKH12,Cambridgeshire CC,15643,16391,17249,18150,18774,19141,19528,20513,22274,23116,23641,22854,23402,24028,25243,25934,26726,27670,28329,29049
UKH14,Suffolk,13793,13621,14659,15344,16007,16727,17139,17656,18706,19120,19570,18693,19033,19384,19808,20663,21286,21537,22146,22881
UKH15,Norwich and East Norfolk,13511,14099,14450,15073,15702,16576,17506,18772,19829,19921,20088,20144,19453,19461,20465,21093,21557,21736,22685,22971
UKH16,North and West Norfolk,11868,12537,13008,13507,14041,14588,15079,15605,15910,15921,16510,16273,16570,16856,17662,18219,18706,19103,19853,20258
UKH17,Breckland and South Norfolk,11677,12043,12384,12738,13197,13785,14168,14658,15329,15374,15936,15855,16655,17075,18041,18388,19195,19671,19797,19861
UKH21,Luton,14955,16005,16683,17574,18316,19282,19235,20839,22403,23831,25257,23081,21458,20685,20334,21407,22789,23480,24395,26018
UKH23,Hertfordshire,18483,19490,20569,21039,21667,22782,23312,24609,24918,25569,26990,25882,25326,25049,25393,26764,28083,28966,29968,31073
UKH24,Bedford,14470,14236,14918,15215,15894,17066,17968,18821,19403,20497,20620,20417,20328,20944,20616,21272,22368,23653,23625,24220
UKH25,Central Bedfordshire,13433,13305,14052,14361,15082,15736,16265,16695,17067,18077,18079,17070,17088,17537,17835,19121,19936,19898,20352,21009
UKH31,Southend-on-Sea,11595,11985,12718,13277,14173,14739,15002,15007,15565,16003,16498,16329,16115,15569,16087,16062,16792,17070,17218,17529
UKH32,Thurrock,15515,14940,14402,14959,15858,17969,19185,18475,19094,17938,17978,19465,18389,19428,17084,17979,18649,19537,20680,21405
UKH34,Essex Haven Gateway,12263,12269,12871,13619,14060,15220,15396,15984,16544,17105,17276,16524,17221,17182,17639,17849,18859,19039,19488,20690
UKH35,West Essex,14415,14567,15359,16453,17071,18494,18736,19516,20194,20956,21298,19922,20874,20654,21101,21169,22849,23962,24606,25622
UKH36,Heart of Essex,13973,13880,14626,15606,16133,17522,17719,18556,19360,20284,20717,20496,20714,20812,21391,21775,22708,23828,23967,24958
UKH37,Essex Thames Gateway,12524,12518,13240,13906,14316,15484,15733,16399,17020,17727,18144,16927,17491,17617,18336,18680,18991,19456,18797,19542
UKI31,Camden and City of London,146031,143713,153400,154448,162981,179130,191103,211300,226320,254978,255439,263825,269574,276242,280345,287513,308042,307352,337899,342183
UKI32,Westminster,121803,125321,131362,133119,135624,143170,147296,154293,161493,179040,190808,194535,198498,203843,210976,222358,237510,234546,249004,258214
UKI33,Kensington & Chelsea and Hammersmith & Fulham,35412,36678,38710,39356,40652,42792,44652,46863,49136,53627,56576,54072,57086,58798,63097,65568,66319,67544,70701,74598
UKI34,Wandsworth,20835,22310,23966,24700,25305,26136,27352,28936,30156,33344,34992,31477,31763,32650,35542,37643,38800,39176,39608,40368
UKI41,Hackney and Newham,13973,14412,15358,15861,16214,17103,17994,19167,19833,20915,20443,20249,20569,21472,22754,22700,22957,22679,23900,24931
UKI42,Tower Hamlets,46656,46057,50286,50839,52796,57245,62264,69681,75178,83305,83791,87137,83186,91170,87609,88943,91923,92738,93866,97735
UKI43,Haringey and Islington,25366,26843,29355,30441,31452,33418,35348,37506,38896,41967,43906,42410,42617,43222,43263,43853,45098,45369,46955,48251
UKI44,Lewisham and Southwark,18083,18966,20551,21282,22121,23473,24415,25956,26897,29044,29700,28916,31164,32213,32923,33031,33945,34376,35199,36150
UKI45,Lambeth,16631,17554,18883,19635,20526,22039,23050,24480,25107,27246,29410,28475,28942,29964,31110,31589,34637,34762,34985,37126
UKI51,Bexley and Greenwich,12115,12835,13365,13596,14015,14686,15128,15883,16762,17519,17355,16123,16184,16271,16912,17560,18111,18206,18420,18991
UKI52,Barking & Dagenham and Havering,13177,13427,13640,13807,14219,15083,15691,16331,17234,18138,18214,16546,17331,17323,18281,18886,19323,19238,19528,19610
UKI53,Redbridge and Waltham Forest,11000,11563,11998,12376,12877,13639,14136,14794,15478,15823,15883,14118,14180,14300,15409,15826,16361,16575,16969,17603
UKI54,Enfield,13382,13795,14150,14336,14895,15890,16623,17408,18300,19019,18613,17082,17167,16876,17764,17988,18131,18501,18827,19828
UKI61,Bromley,15379,16169,16781,17241,17903,19035,19955,20884,21991,22612,21449,20200,19651,19608,20642,20740,21699,21856,22440,22852
UKI62,Croydon,14857,15730,16379,16834,17554,18745,19471,20345,21254,22436,22195,20320,19442,18712,19221,18835,19815,19463,19751,20710
UKI63,"Merton, Kingston upon Thames and Sutton",15381,16214,16909,17069,17710,18749,19373,20271,21223,22471,22876,21242,21802,22176,23203,23629,24608,23781,24780,25337
UKI71,Barnet,15787,16465,17273,17580,18286,19298,19888,20640,21748,22721,23290,21865,21903,22248,22782,23483,25412,25769,25970,27004
UKI72,Brent,16321,17214,17880,17930,18584,19579,19999,20825,21638,22175,22376,20851,20900,21049,22491,23381,24712,25170,26513,27479
UKI73,Ealing,17509,18303,19197,19372,19850,20939,21173,21929,22938,23633,23219,20932,20968,22279,23391,24445,26001,26254,27651,29342
UKI74,Harrow and Hillingdon,23691,24832,26101,26350,27045,28573,29223,29994,30913,31951,31561,28616,28483,28620,29398,30993,34322,33722,33623,35323
UKI75,Hounslow and Richmond upon Thames,22411,23870,25331,25850,26669,27573,27936,28933,30990,32539,33419,30877,30615,31397,33916,35797,38038,40800,43113,44466
UKJ11,Berkshire,24891,27033,28176,28521,30365,32076,32451,34444,35630,36608,37056,35795,35877,37116,37895,39011,39914,40846,41144,41727
UKJ12,Milton Keynes,22478,23201,24471,25737,27220,29773,30062,29739,31346,33680,35827,34021,35197,36514,36655,37784,41023,43841,47384,49516
UKJ13,Buckinghamshire CC,18911,19026,20443,20583,20901,21749,22829,23033,23548,24452,25860,25364,25476,25846,27056,27724,28517,29429,29880,30131
UKJ14,Oxfordshire,18149,18986,20044,20683,21997,23126,23233,23896,24647,25480,26842,26568,27116,27745,28599,29700,31161,32640,33337,34016
UKJ21,Brighton and Hove,13835,13961,14832,16057,17519,18202,18568,19704,20234,21407,22174,21348,21229,21437,22983,24356,25528,26066,26870,27539
UKJ22,East Sussex CC,11660,11741,12330,12775,13357,13641,14156,14670,15524,15560,16711,15962,16074,16235,16371,16628,17264,18517,18882,19348
UKJ25,West Surrey,20207,21971,22998,23278,24054,25065,24920,25720,27500,28487,29854,28842,29380,29585,31008,32223,33197,34569,34761,35685
UKJ26,East Surrey,19293,20659,21694,22043,23012,24137,24916,26529,28156,29836,30217,28865,28535,28833,29958,31476,31583,31293,30975,31105
UKJ27,West Sussex (South West),14731,14985,15566,16326,16943,17463,17994,18562,19732,19785,20428,19944,20882,20669,21006,21237,21071,21890,22208,22793
UKJ28,West Sussex (North East),17924,18454,19071,19704,20653,21122,21345,21899,23475,23800,25312,24798,25110,24610,25594,26534,28228,29538,30153,30834
UKJ31,Portsmouth,17184,17079,18045,19494,20642,20517,21341,21467,22034,23393,23964,23919,25059,23706,24555,25385,26107,25529,25979,26689
UKJ32,Southampton,17118,16332,16370,17050,18290,19430,20498,21554,21526,23188,22886,22233,21790,22024,22279,23603,25058,26116,26039,27502
UKJ34,Isle of Wight,10605,10900,12269,12588,12857,13228,13259,14129,14976,15035,16359,15669,15928,16357,16733,17309,18602,19306,19512,20136
UKJ35,South Hampshire,14033,14202,14869,15416,16460,16850,17835,18667,19253,20084,20463,20137,20636,21223,22030,22514,22954,23457,22961,23693
UKJ36,Central Hampshire,16295,16508,17372,18115,19129,19535,20677,21559,22337,23483,24519,24407,25386,26169,26909,27204,27556,28279,28375,29053
UKJ37,North Hampshire,17037,17491,18744,19526,21042,21483,22939,23934,24812,26349,27279,26581,27015,27427,27638,29473,30854,30267,30697,31167
UKJ41,Medway,11055,11416,11785,12092,12860,13535,13853,14590,15086,15059,15487,15073,15364,15254,16155,16733,17015,18311,18710,19205
UKJ43,Kent Thames Gateway,13696,13909,13743,14250,14926,16075,16406,16996,17174,17802,18711,17304,17791,18184,18727,19366,20255,21115,21488,21955
UKJ44,East Kent,12657,12719,12847,13385,14095,14765,15242,16048,16571,17213,18250,17240,17325,17623,17521,17839,18077,18085,18332,19258
UKJ45,Mid Kent,15260,15458,15617,16218,17171,18359,18904,19820,20184,21093,21936,21001,21342,21411,21632,21851,22114,22652,23812,24296
UKJ46,West Kent,15575,15734,15922,16602,17610,18659,19315,20675,21040,21707,22847,21866,22541,23041,23386,24231,25874,27171,28054,29057
UKK11,"Bristol, City of",18698,19342,19628,21122,22227,22387,23188,23742,24752,26355,26610,26858,28130,27358,27971,28680,30554,30639,30806,31458
UKK12,"Bath and North East Somerset, North Somerset and South Gloucestershire",14584,14942,15776,17203,17938,19332,19931,20942,21431,22279,23385,23098,23949,24427,25037,25790,27357,27072,27749,27931
UKK13,Gloucestershire,14704,15396,16422,16984,17842,19158,20132,20101,20313,21480,21564,21719,22366,22698,23468,24060,25482,25683,25609,26248
UKK14,Swindon,22835,23346,23758,25377,25578,26121,26910,28536,29622,31525,31896,31420,30033,30555,30647,31749,31204,31582,33517,33564
UKK15,Wiltshire ,13476,13934,14533,15341,15979,16013,16631,16971,17690,18735,19570,19072,19456,19153,19626,19850,21375,21593,21991,22612
UKK21,Bournemouth and Poole,14324,14810,15785,16104,16551,17820,18154,19425,20152,20620,21066,21343,20533,20424,20959,21780,22595,22902,23696,24667
UKK22,Dorset CC,12556,13523,14104,14124,14189,14641,15191,15819,16163,16620,17821,17171,17092,17338,17725,17773,18783,18691,18973,19592
UKK23,Somerset,12365,12934,13524,13633,14031,14693,15500,16404,17349,17263,17715,17198,17471,17647,17912,18280,19162,19611,20100,20400
UKK30,Cornwall and Isles of Scilly,9825,9890,10517,11039,11758,12781,13123,13846,14535,14746,15544,14763,14884,15009,15553,15971,16196,16651,17392,17634
UKK41,Plymouth,12119,12487,13184,13443,13909,14237,15297,15870,16631,16993,17037,16264,16774,17169,18212,18828,18909,19002,19319,19970
UKK42,Torbay,11445,11411,11366,11273,11240,12125,13233,13504,14276,14254,14762,13574,14049,14342,14512,14704,14995,15108,14974,15512
UKK43,Devon CC,11825,12430,12652,13146,14040,14842,15913,16453,17334,17452,18001,17729,18124,18028,18234,19095,19526,20232,20997,21099
UKL11,Isle of Anglesey,8175,8160,8928,9536,9745,10418,11393,11592,11988,12455,12570,12327,12035,12512,13122,12918,13463,13558,13972,14309
UKL12,Gwynedd,11106,10956,11295,11864,13410,14443,14598,15580,16760,17001,17192,16217,15773,16980,17959,18607,18739,18810,19012,19971
UKL13,Conwy and Denbighshire,9904,9949,10523,10520,11252,12044,13032,13265,13605,13926,14141,13571,13754,14147,14930,15315,15498,16096,16650,16876
UKL14,South West Wales,9635,9796,9831,10255,10379,11357,12200,13102,13748,14222,13537,13644,14131,14475,15071,15331,15589,16251,16657,17005
UKL15,Central Valleys,9536,9559,10107,10257,11445,11771,12166,12259,13062,13279,13467,13318,14167,14495,14719,15583,15703,15992,16496,16840
UKL16,Gwent Valleys,9023,9179,9434,9449,9658,9807,10594,11089,11957,11875,12005,11536,11823,12552,13057,13327,13673,14019,14315,14831
UKL17,Bridgend and Neath Port Talbot,11011,10767,11154,10862,11398,11501,12153,13192,13929,14566,15113,14232,14862,15473,15533,16015,16804,17776,17563,18284
UKL18,Swansea,10997,11031,11960,12479,13062,13865,14682,15311,16041,15984,16053,16309,16311,16910,17175,17869,19017,18606,19389,19319
UKL21,Monmouthshire and Newport,13739,14157,14569,15257,15404,17085,17999,18994,20055,19640,19643,19473,19432,19893,20024,20295,20686,21825,22401,23246
UKL22,Cardiff and Vale of Glamorgan,14042,14981,15996,16736,17530,18852,19316,20147,20818,22537,21816,21611,21196,22145,22910,23323,23717,24209,25969,26467
UKL23,Flintshire and Wrexham,14104,13737,14683,14473,14902,15318,16041,16658,17496,17914,17337,17475,18562,19367,20327,21721,21777,22993,24107,25459
UKL24,Powys,11275,11067,11473,12057,12918,13944,14416,14086,14395,15023,14363,13492,14496,14957,15852,16646,16678,17390,17732,17734
UKM50,Aberdeen City and Aberdeenshire,20504,19949,21686,23392,24557,24831,25812,27656,29911,32862,35997,35302,35261,36698,38033,39428,40856,39028,37539,37924
UKM61,Caithness and Sutherland and Ross and Cromarty,12309,12405,13014,13431,13720,15492,16854,17238,17323,18104,18264,17271,17596,17878,17990,18805,20041,20354,20888,20537
UKM62,"Inverness and Nairn and Moray, Badenoch and Strathspey",13331,13824,14466,16076,16772,18235,19025,20338,20745,21409,21888,22124,22146,23376,24060,25320,25123,25468,25856,25326
UKM63,"Lochaber, Skye and Lochalsh, Arran and Cumbrae and Argyll and Bute",13095,13770,14701,14716,14341,15774,16561,17915,19066,18629,20600,20862,20125,20555,21111,22620,23722,23882,25139,25025
UKM64,Na h-Eileanan Siar,12240,13912,12310,12621,13413,15315,17265,17669,18192,17981,17739,18135,16680,17386,18159,18308,18547,19257,19134,19694
UKM65,Orkney Islands,13501,13596,13826,13701,14316,15638,17073,18482,17856,18457,19013,19868,20562,20727,20916,21679,22326,22871,23936,23752
UKM66,Shetland Islands,18452,18336,18278,19090,20853,21380,22824,23979,23037,24159,25204,26672,27873,28704,28656,31156,31698,32865,33161,33865
UKM71,Angus and Dundee City,13467,13773,14188,14581,15278,16059,16955,17604,18694,19601,19595,19172,19523,19350,20036,20647,21574,21904,23005,23690
UKM72,Clackmannanshire and Fife,11637,11880,12765,12919,13336,14155,14747,14940,16194,16934,17257,17008,16854,16675,17114,18570,19308,19965,20749,21165
UKM73,East Lothian and Midlothian,10213,10393,10627,10916,11595,12489,13332,13759,15339,15181,15194,14164,14062,14442,14919,15848,16310,16917,17563,18064
UKM75,City of Edinburgh,21528,21390,23131,25071,26906,29327,31250,33641,34665,36984,36824,38498,36445,36680,38033,39176,40120,40933,42729,44228
UKM76,Falkirk,13597,13231,13841,14263,15021,16376,17887,19404,19830,20004,19654,18686,19438,18175,19060,20023,20854,20939,21879,22208
UKM77,Perth and Kinross and Stirling,15092,14926,15043,15450,16237,16780,18370,19316,20596,21447,21176,21758,21261,21447,23163,24491,24972,26006,27309,28014
UKM78,West Lothian,15518,15849,15998,16315,17125,18331,19709,20168,20645,21346,21453,21670,21546,22535,21161,20225,22052,22171,22425,22909
UKM81,"East Dunbartonshire, West Dunbartonshire and Helensburgh and Lomond",9038,8933,9633,9755,10313,10879,10999,11781,12868,13149,13616,13177,13007,13806,14481,14663,15318,15531,15680,16092
UKM82,Glasgow City,17292,17658,18421,19678,20328,21876,23521,25463,26041,26608,27633,27628,26442,26820,27786,29031,30383,30131,30609,31490
UKM83,"Inverclyde, East Renfrewshire and Renfrewshire",12584,12377,12608,13091,13212,13740,14507,15315,15989,15892,16435,15906,15616,15760,15579,16492,17572,17963,18758,19082
UKM84,North Lanarkshire,8692,9111,9617,10300,10985,11401,12353,13346,14334,14701,14887,14881,14595,15042,15202,16110,17825,17620,17859,18802
UKM91,Scottish Borders,9312,9838,9725,10191,10366,10864,11417,11464,12291,12836,12864,12163,12751,13383,13779,14624,15355,15280,15623,16756
UKM92,Dumfries and Galloway,8870,9293,9211,10337,10752,10894,11490,11457,12034,12322,13313,13485,13954,14045,14129,15364,16174,16194,17406,18604
UKM93,East Ayrshire and North Ayrshire mainland,9081,8637,8967,9338,9391,9860,10165,10840,11340,11164,11410,10927,10960,10858,11127,11474,12340,12054,12683,13703
UKM94,South Ayrshire,9956,10213,10959,11052,11697,12177,13044,13394,14214,14484,15343,15208,15396,15699,15742,16320,17921,17797,18720,19799
UKM95,South Lanarkshire,9710,9699,10287,10500,10818,11803,12027,12863,13622,13578,14288,13788,13698,13972,14392,15481,16131,15704,16439,17486
UKN06,Belfast,22780,23752,25533,27252,28497,31213,32412,34358,35911,38006,38502,38908,37896,39423,41547,42354,43039,44613,46595,47893
UKN07,"Armagh City, Banbridge and Craigavon",10273,10864,11308,11451,11613,12617,13367,14028,14793,14867,14854,14266,13972,14183,14575,14997,15469,15899,16933,17531
UKN08,"Newry, Mourne and Down",8145,8538,9183,9577,9639,10585,10867,11377,12061,11957,11623,10739,11071,11324,11482,11706,12288,12704,13246,13766
UKN09,Ards and North Down,6192,6551,6944,7186,7176,7671,8017,8402,8900,9166,9134,8463,8730,8905,9022,9087,9565,9405,9695,10064
UKN10,Derry City and Strabane,9907,10535,10905,10991,11746,12244,13210,13842,14726,15005,14813,14311,14276,14220,14627,14859,15092,15475,16349,17193
UKN11,Mid Ulster,8639,8942,9696,9957,10318,11654,12201,13120,13838,13845,13325,12050,12517,12875,13146,13747,14226,14932,15961,16796
UKN12,Causeway Coast and Glens,7799,8470,9221,8908,8973,9711,10197,10676,11378,11512,11228,10310,10582,10594,10954,10933,11143,11323,11893,13129
UKN13,Antrim and Newtownabbey,10701,11314,12314,12585,12723,13791,14531,15051,15790,16188,16180,15431,15606,15704,15813,16220,16900,16964,17952,18082
UKN14,Lisburn and Castlereagh,10387,10989,11924,12601,12872,13661,14248,14888,15749,16356,15981,15398,15470,15261,15288,15454,15822,15685,16337,16598
UKN15,Mid and East Antrim,13394,12974,14026,13423,13412,13357,13658,14730,14426,14371,14469,15505,13646,13560,14246,14596,15090,14694,15614,15197
UKN16,Fermanagh and Omagh,7128,7489,7929,8436,8566,9509,10179,10755,11526,11662,11392,10387,10937,11049,11220,11524,11807,12314,12692,13410
,,,,,,,,,,,,,,,,,,,,,
,,,,,,,,,,,,,,,,,,,,,
,,,,,,,,,,,,,,,,,,,,,
,,,,,,,,,,,,,,,,,,,,,
,,,,,,,,,,,,,,,,,,,,,
,,,,,,,,,,,,,,,,,,,,,
,,,,,,,,,,,,,,,,,,,,,
,,,,,,,,,,,,,,,,,,,,,
,,,,,,,,,,,,,,,,,,,,,
,,,,,,,,,,,,,,,,,,,,,
,,,,,,,,,,,,,,,,,,,,,
,,,,,,,,,,,,,,,,,,,,,
,,,,,,,,,,,,,,,,,,,,,
,,,,,,,,,,,,,,,,,,,,,
,,,,,,,,,,,,,,,,,,,,,
,,,,,,,,,,,,,,,,,,,,,
,,,,,,,,,,,,,,,,,,,,,
,,,,,,,,,,,,,,,,,,,,,
,,,,,,,,,,,,,,,,,,,,,
,,,,,,,,,,,,,,,,,,,,,
,,,,,,,,,,,,,,,,,,,,,
,,,,,,,,,,,,,,,,,,,,,
,,,,,,,,,,,,,,,,,,,,,
,,,,,,,,,,,,,,,,,,,,,
,,,,,,,,,,,,,,,,,,,,,
,,,,,,,,,,,,,,,,,,,,,
,,,,,,,,,,,,,,,,,,,,,
,,,,,,,,,,,,,,,,,,,,,
,,,,,,,,,,,,,,,,,,,,,
,,,,,,,,,,,,,,,,,,,,,
,,,,,,,,,,,,,,,,,,,,,
,,,,,,,,,,,,,,,,,,,,,
,,,,,,,,,,,,,,,,,,,,,
,,,,,,,,,,,,,,,,,,,,,
,,,,,,,,,,,,,,,,,,,,,
,,,,,,,,,,,,,,,,,,,,,
,,,,,,,,,,,,,,,,,,,,,
,,,,,,,,,,,,,,,,,,,,,
,,,,,,,,,,,,,,,,,,,,,
,,,,,,,,,,,,,,,,,,,,,
,,,,,,,,,,,,,,,,,,,,,
,,,,,,,,,,,,,,,,,,,,,
,,,,,,,,,,,,,,,,,,,,,
,,,,,,,,,,,,,,,,,,,,,
,,,,,,,,,,,,,,,,,,,,,
,,,,,,,,,,,,,,,,,,,,,
,,,,,,,,,,,,,,,,,,,,,
,,,,,,,,,,,,,,,,,,,,,
,,,,,,,,,,,,,,,,,,,,,
,,,,,,,,,,,,,,,,,,,,,
,,,,,,,,,,,,,,,,,,,,,
,,,,,,,,,,,,,,,,,,,,,
,,,,,,,,,,,,,,,,,,,,,
,,,,,,,,,,,,,,,,,,,,,
,,,,,,,,,,,,,,,,,,,,,
,,,,,,,,,,,,,,,,,,,,,
,,,,,,,,,,,,,,,,,,,,,
,,,,,,,,,,,,,,,,,,,,,
,,,,,,,,,,,,,,,,,,,,,
,,,,,,,,,,,,,,,,,,,,,
,,,,,,,,,,,,,,,,,,,,,
,,,,,,,,,,,,,,,,,,,,,
,,,,,,,,,,,,,,,,,,,,,
,,,,,,,,,,,,,,,,,,,,,
,,,,,,,,,,,,,,,,,,,,,
,,,,,,,,,,,,,,,,,,,,,
,,,,,,,,,,,,,,,,,,,,,
,,,,,,,,,,,,,,,,,,,,,
,,,,,,,,,,,,,,,,,,,,,
,,,,,,,,,,,,,,,,,,,,,
,,,,,,,,,,,,,,,,,,,,,
,,,,,,,,,,,,,,,,,,,,,
,,,,,,,,,,,,,,,,,,,,,
,,,,,,,,,,,,,,,,,,,,,
,,,,,,,,,,,,,,,,,,,,,
,,,,,,,,,,,,,,,,,,,,,
,,,,,,,,,,,,,,,,,,,,,
,,,,,,,,,,,,,,,,,,,,,
,,,,,,,,,,,,,,,,,,,,,
,,,,,,,,,,,,,,,,,,,,,
,,,,,,,,,,,,,,,,,,,,,
,,,,,,,,,,,,,,,,,,,,,
,,,,,,,,,,,,,,,,,,,,,
,,,,,,,,,,,,,,,,,,,,,
,,,,,,,,,,,,,,,,,,,,,
,,,,,,,,,,,,,,,,,,,,,
,,,,,,,,,,,,,,,,,,,,,
,,,,,,,,,,,,,,,,,,,,,
,,,,,,,,,,,,,,,,,,,,,
,,,,,,,,,,,,,,,,,,,,,
,,,,,,,,,,,,,,,,,,,,,
,,,,,,,,,,,,,,,,,,,,,
,,,,,,,,,,,,,,,,,,,,,
,,,,,,,,,,,,,,,,,,,,,
,UK Population,,,,,,,,,,,,,,,,,,,,
